{
    "Root": {
        "LevelTextures": [
            "back.png",
            "paddle_2.png",
            "paddle_1.png",
            "android_robot.png",
            "characters_packed.png"
        ],
        "Scene": {
            "Entity": {
                "Graphics": {
                    "Type": 1.000000,
                    "Position": {
                        "X": 11.495000,
                        "Y": 5.500000
                    },
                    "Size": {
                        "X": 13.010001,
                        "Y": 8.979999
                    },
                    "Color": {
                        "R": 1.000000,
                        "G": 1.000000,
                        "B": 1.000000,
                        "A": 1.000000
                    },
                    "AbsUvs": [
                        0.000000,
                        0.000000,
                        1.568001,
                        1.000000
                    ],
                    "RelUvs": [
                        0.000000,
                        0.000000,
                        1.000000,
                        1.000000
                    ],
                    "ZIndex": 18.000000,
                    "TextureIndex": 0.000000
                }
            },
            "Entity": {
                "Graphics": {
                    "Type": 1.000000,
                    "Position": {
                        "X": 15.180004,
                        "Y": 1.475000
                    },
                    "Size": {
                        "X": 2.040000,
                        "Y": 1.030000
                    },
                    "Color": {
                        "R": 1.000000,
                        "G": 1.000000,
                        "B": 1.000000,
                        "A": 1.000000
                    },
                    "AbsUvs": [
                        0.561001,
                        0.006200,
                        0.773800,
                        0.338199
                    ],
                    "RelUvs": [
                        0.000000,
                        0.000000,
                        1.000000,
                        1.000000
                    ],
                    "ZIndex": 4.000000,
                    "TextureIndex": 4.000000
                }
            },
            "Entity": {
                "Graphics": {
                    "Type": 1.000000,
                    "Position": {
                        "X": 14.530000,
                        "Y": 4.010000
                    },
                    "Size": {
                        "X": 1.000000,
                        "Y": 1.000000
                    },
                    "Color": {
                        "R": 1.000000,
                        "G": 1.000000,
                        "B": 1.000000,
                        "A": 1.000000
                    },
                    "AbsUvs": [
                        0.000000,
                        0.000000,
                        0.102400,
                        0.338399
                    ],
                    "RelUvs": [
                        0.000000,
                        0.000000,
                        1.000000,
                        1.000000
                    ],
                    "ZIndex": 3.000000,
                    "TextureIndex": 4.000000
                }
            },
            "Entity": {
                "Graphics": {
                    "Type": 1.000000,
                    "Position": {
                        "X": 14.410001,
                        "Y": 7.869998
                    },
                    "Size": {
                        "X": 1.000000,
                        "Y": 1.000000
                    },
                    "Color": {
                        "R": 1.000000,
                        "G": 1.000000,
                        "B": 1.000000,
                        "A": 1.000000
                    },
                    "AbsUvs": [
                        0.221000,
                        0.000000,
                        0.325000,
                        0.343200
                    ],
                    "RelUvs": [
                        0.000000,
                        0.000000,
                        1.000000,
                        1.000000
                    ],
                    "ZIndex": 3.000000,
                    "TextureIndex": 4.000000
                }
            },
            "Entity": {
                "Graphics": {
                    "Type": 0.000000,
                    "Position": {
                        "X": 11.495000,
                        "Y": 0.500000
                    },
                    "Size": {
                        "X": 14.990001,
                        "Y": 1.000000
                    },
                    "Color": {
                        "R": 0.000000,
                        "G": 0.100000,
                        "B": 0.000000,
                        "A": 1.000000
                    },
                    "AbsUvs": [
                        0.000000,
                        0.000000,
                        0.000000,
                        0.000000
                    ],
                    "RelUvs": [
                        0.000000,
                        0.000000,
                        0.000000,
                        0.000000
                    ],
                    "ZIndex": 2.000000,
                    "TextureIndex": 0.000000
                },
                "Collision": {
                    "Solid": 1.000000,
                    "AABB": {
                        "Min": [
                            4.000000,
                            0.000000
                        ],
                        "Max": [
                            18.990000,
                            1.000000
                        ]
                    }
                }
            },
            "Entity": {
                "Graphics": {
                    "Type": 0.000000,
                    "Position": {
                        "X": 11.500001,
                        "Y": 10.495002
                    },
                    "Size": {
                        "X": 15.020000,
                        "Y": 0.990000
                    },
                    "Color": {
                        "R": 0.000000,
                        "G": 0.100000,
                        "B": 0.000000,
                        "A": 1.000000
                    },
                    "AbsUvs": [
                        0.000000,
                        0.000000,
                        0.000000,
                        0.000000
                    ],
                    "RelUvs": [
                        0.000000,
                        0.000000,
                        0.000000,
                        0.000000
                    ],
                    "ZIndex": 2.000000,
                    "TextureIndex": 0.000000
                },
                "Collision": {
                    "Solid": 1.000000,
                    "AABB": {
                        "Min": [
                            3.990001,
                            10.000002
                        ],
                        "Max": [
                            19.010000,
                            10.990002
                        ]
                    }
                }
            },
            "Entity": {
                "Graphics": {
                    "Type": 0.000000,
                    "Position": {
                        "X": 4.500000,
                        "Y": 5.510000
                    },
                    "Size": {
                        "X": 1.000000,
                        "Y": 9.020000
                    },
                    "Color": {
                        "R": 0.000000,
                        "G": 0.100000,
                        "B": 0.000000,
                        "A": 1.000000
                    },