{"player": {
"position": {
"x": -50.000000,
"y": 200.000000
},
"size": {
"w": 100.000000,
"h": 100.000000
},
"texture": "../../assets/images/moon.png"
}}