{
"player": {
"position": {
"x": [
-50.000000,
255.000000,
25.000000
],
"y": 200.000000
},
"size": {
"w": 100.000000,
"h": 100.000000
},
"target": [
{
"distance": 800.000000,
"life": 100.000000
},
{
"distance": 800.000000,
"life": 100.000000
}
],
"texture": [
"../../assets/images/moon.png",
"../../assets/images/clone.png"
]
}
}