{
    "Root": {
        "Scene": {
            "Entity": {
                "Graphics": {
                    "Type": 0.000000,
                    "Position": {
                        "X": 0.000000,
                        "Y": 1.900000
                    },
                    "Size": {
                        "X": 4.000000,
                        "Y": 1.000000
                    },
                    "Color": {
                        "R": 0.000000,
                        "G": 0.200000,
                        "B": 0.400000,
                        "A": 1.000000
                    }
                },
                "Collision": {
                    "Solid": 1.000000,
                    "AABB": {
                        "Min": [
                            -2.000000,
                            1.400000
                        ],
                        "Max": [
                            2.000000,
                            2.400000
                        ]
                    }
                }
            },
            "Entity": {
                "Graphics": {
                    "Type": 0.000000,
                    "Position": {
                        "X": -4.000000,
                        "Y": 1.900000
                    },
                    "Size": {
                        "X": 4.000000,
                        "Y": 1.000000
                    },
                    "Color": {
                        "R": 0.500000,
                        "G": 0.200000,
                        "B": 0.400000,
                        "A": 1.000000
                    }
                },
                "Collision": {
                    "Solid": 1.000000,
                    "AABB": {
                        "Min": [
                            -6.000000,
                            1.400000
                        ],
                        "Max": [
                            -2.000000,
                            2.400000
                        ]
                    }
                }
            },
            "Entity": {
                "Graphics": {
                    "Type": 0.000000,
                    "Position": {
                        "X": 1.300000,
                        "Y": -0.200000
                    },
                    "Size": {
                        "X": 0.800000,
                        "Y": 1.000000
                    },
                    "Color": {
                        "R": 1.000000,
                        "G": 0.800000,
                        "B": 0.200000,
                        "A": 1.000000
                    }
                },
                "Collision": {
                    "Solid": 1.000000,
                    "AABB": {
                        "Min": [
                            0.900000,
                            -0.700000
                        ],
                        "Max": [
                            1.700000,
                            0.300000
                        ]
                    }
                }
            },
            "Entity": {
                "Graphics": {
                    "Type": 0.000000,
                    "Position": {
                        "X": -2.300000,
                        "Y": 0.600000
                    },
                    "Size": {
                        "X": 0.800000,
                        "Y": 1.000000
                    },
                    "Color": {
                        "R": 1.000000,
                        "G": 0.200000,
                        "B": 0.500000,
                        "A": 1.000000
                    }
                },
                "Collision": {
                    "Solid": 1.000000,
                    "AABB": {
                        "Min": [
                            -2.700000,
                            0.100000
                        ],
                        "Max": [
                            -1.900000,
                            1.100000
                        ]
                    }
                }
            },
            "Entity": {
                "Graphics": {
                    "Type": 0.000000,
                    "Position": {
                        "X": 4.500000,
                        "Y": 0.000000
                    },
                    "Size": {
                        "X": 0.800000,
                        "Y": 1.000000
                    },
                    "Color": {
                        "R": 1.000000,
                        "G": 0.200000,
                        "B": 0.500000,
                        "A": 1.000000
                    }
                },
                "Collision": {
                    "Solid": 1.000000,
                    "AABB": {
                        "Min": [
                            4.100000,
                            -0.500000
                        ],
                        "Max": [
                            4.900000,
                            0.500000
                        ]
                    }
                }
            },
            "Entity": {
                "Graphics": {
                    "Type": 0.000000,
                    "Position": {
                        "X": 5.300000,
                        "Y": 0.000000
                    },
                    "Size": {
                        "X": 0.800000,
                        "Y": 1.000000
                    },
                    "Color": {
                        "R": 1.000000,
                        "G": 0.200000,
                        "B": 0.500000,
                        "A": 1.000000
                    }
                },
                "Collision": {
                    "Solid": 1.000000,
                    "AABB": {
                        "Min": [
                            4.900000,
                            -0.500000
                        ],
                        "Max": [
                            5.700000,
                            0.500000
                        ]
                    }
                }
            },
            "Entity": {
                "Graphics": {
                    "Type": 1.000000,
                    "Position": {
                        "X": 0.000000,
                        "Y": -1.900000
                    },
                    "Size": {
                        "X": 8.000000,
                        "Y": 1.000000
                    },
                    "Uvs": [
                        0.650391,
                        0.000000,
                        0.743164,
                        0.023926
                    ],
                    "Index": 0.000000
                },
                "Collision": {
                    "Solid": 1.000000,
                    "AABB": {
                        "Min": [
                            -4.000000,
                            -2.400000
                        ],
                        "Max": [
                            4.000000,
                            -1.400000
                        ]
                    }
                }
            },
            "Entity": {
                "Graphics": {
                    "Type": 1.000000,
                    "Position": {
                        "X": -8.000000,
                        "Y": -1.900000
                    },
                    "Size": {
                        "X": 8.000000,
                        "Y": 1.000000
                    },
                    "Uvs": [
                        0.743164,
                        0.000000,
                        0.835938,
                        0.023926
                    ],
                    "Index": 0.000000
                },
                "Collision": {
                    "Solid": 1.000000,
                    "AABB": {
                        "Min": [
                            -12.000000,
                            -2.400000
                        ],