{
    "Root": {
        "Scene": {
            "Entity": {
                "Graphics": {
                    "Type": 0.000000,
                    "Position": {
                        "X": 7.000000,
                        "Y": 4.990005
                    },
                    "Size": {
                        "X": 10.000000,
                        "Y": 5.980000
                    },
                    "Color": {
                        "R": 0.000000,
                        "G": 0.000000,
                        "B": 0.300000,
                        "A": 1.000000
                    },
                    "AbsUvs": [
                        0.000000,
                        0.000000,
                        0.000000,
                        0.000000
                    ],
                    "RelUvs": [
                        0.000000,
                        0.000000,
                        0.000000,
                        0.000000
                    ],
                    "ZIndex": 8.000000
                }
            },
            "Entity": {
                "Graphics": {
                    "Type": 1.000000,
                    "Position": {
                        "X": 5.290009,
                        "Y": 6.090006
                    },
                    "Size": {
                        "X": 2.620000,
                        "Y": 2.480000
                    },
                    "Color": {
                        "R": 1.000000,
                        "G": 1.000000,
                        "B": 1.000000,
                        "A": 1.000000
                    },
                    "AbsUvs": [
                        0.000000,
                        0.000000,
                        1.000000,
                        1.000000
                    ],
                    "RelUvs": [
                        0.500000,
                        0.000000,
                        0.544922,
                        0.044922
                    ],
                    "ZIndex": 3.000000
                }
            },
            "Entity": {
                "Graphics": {
                    "Type": 1.000000,
                    "Position": {
                        "X": 6.994999,
                        "Y": 3.485001
                    },
                    "Size": {
                        "X": 10.010000,
                        "Y": 0.970000
                    },
                    "Color": {
                        "R": 1.000000,
                        "G": 1.000000,
                        "B": 1.000000,
                        "A": 1.000000
                    },
                    "AbsUvs": [
                        0.000000,
                        0.000000,
                        1.000000,
                        1.000000
                    ],
                    "RelUvs": [
                        0.805664,
                        0.000000,
                        0.898438,
                        0.023926
                    ],
                    "ZIndex": 2.000000
                },
                "Collision": {
                    "Solid": 1.000000,
                    "AABB": {
                        "Min": [
                            6.994999,
                            3.485001
                        ],
                        "Max": [
                            17.004999,
                            4.455001
                        ]
                    }
                }
            },
            "Entity": {
                "Graphics": {
                    "Type": 1.000000,
                    "Position": {
                        "X": 4.004999,
                        "Y": 5.490000
                    },
                    "Size": {
                        "X": 1.990000,
                        "Y": 0.980000
                    },
                    "Color": {
                        "R": 1.000000,
                        "G": 1.000000,
                        "B": 1.000000,
                        "A": 1.000000
                    },
                    "AbsUvs": [
                        0.000000,
                        0.000000,
                        1.000000,
                        1.000000
                    ],
                    "RelUvs": [
                        0.712891,
                        0.000000,
                        0.805664,
                        0.023926
                    ],
                    "ZIndex": 2.000000
                },
                "Collision": {
                    "Solid": 1.000000,
                    "AABB": {
                        "Min": [
                            4.004999,
                            5.490000
                        ],
                        "Max": [
                            5.994999,
                            6.470000
                        ]
                    }
                }
            },
            "Entity": {
                "Graphics": {
                    "Type": 1.000000,
                    "Position": {
                        "X": 9.000007,
                        "Y": 6.505000
                    },
                    "Size": {
                        "X": 1.980000,
                        "Y": 0.990000
                    },
                    "Color": {
                        "R": 1.000000,
                        "G": 1.000000,
                        "B": 1.000000,
                        "A": 1.000000
                    },
                    "AbsUvs": [
                        0.000000,
                        0.000000,
                        1.000000,
                        1.000000
                    ],
                    "RelUvs": [
                        0.712891,
                        0.000000,
                        0.805664,
                        0.023926
                    ],
                    "ZIndex": 2.000000
                },
                "Collision": {
                    "Solid": 1.000000,
                    "AABB": {
                        "Min": [
                            9.000007,
                            6.505000
                        ],
                        "Max": [
                            10.980006,
                            7.495000
                        ]
                    }
                }
            }
        }
    }
}