{
    "Root": {
        "Scene": {
            "Entity": {
                "Graphics": {
                    "Type": 1.000000,
                    "Position": {
                        "X": 4.995001,
                        "Y": 5.000001
                    },
                    "Size": {
                        "X": 1.990000,
                        "Y": 2.000000
                    },
                    "Color": {
                        "R": 1.000000,
                        "G": 1.000000,
                        "B": 1.000000,
                        "A": 1.000000
                    },
                    "AbsUvs": [
                        0.000000,
                        0.000000,
                        1.000000,
                        1.000000
                    ],
                    "RelUvs": [
                        0.500000,
                        0.000000,
                        0.544922,
                        0.044922
                    ]
                }
            },
            "Entity": {
                "Graphics": {
                    "Type": 1.000000,
                    "Position": {
                        "X": 6.500000,
                        "Y": 5.500000
                    },
                    "Size": {
                        "X": 1.000000,
                        "Y": 1.000000
                    },
                    "Color": {
                        "R": 1.000000,
                        "G": 1.000000,
                        "B": 1.000000,
                        "A": 1.000000
                    },
                    "AbsUvs": [
                        0.000000,
                        0.000000,
                        1.000000,
                        1.000000
                    ],
                    "RelUvs": [
                        0.500000,
                        0.000000,
                        0.544922,
                        0.044922
                    ]
                }
            },
            "Entity": {
                "Graphics": {
                    "Type": 1.000000,
                    "Position": {
                        "X": 6.500000,
                        "Y": 4.500000
                    },
                    "Size": {
                        "X": 1.000000,
                        "Y": 1.000000
                    },
                    "Color": {
                        "R": 1.000000,
                        "G": 1.000000,
                        "B": 1.000000,
                        "A": 1.000000
                    },
                    "AbsUvs": [
                        0.000000,
                        0.000000,
                        1.000000,
                        1.000000
                    ],
                    "RelUvs": [
                        0.712891,
                        0.000000,
                        0.805664,
                        0.023926
                    ]
                }
            },
            "Entity": {
                "Graphics": {
                    "Type": 0.000000,
                    "Position": {
                        "X": 4.500000,
                        "Y": 3.500000
                    },
                    "Size": {
                        "X": 1.000000,
                        "Y": 1.000000
                    },
                    "Color": {
                        "R": 0.000000,
                        "G": 0.000000,
                        "B": 0.400000,
                        "A": 1.000000
                    },
                    "AbsUvs": [
                        0.000000,
                        0.000000,
                        0.000000,
                        0.000000
                    ],
                    "RelUvs": [
                        0.000000,
                        0.000000,
                        0.000000,
                        0.000000
                    ]
                }
            },
            "Entity": {
                "Graphics": {
                    "Type": 0.000000,
                    "Position": {
                        "X": 5.500000,
                        "Y": 3.500000
                    },
                    "Size": {
                        "X": 1.000000,
                        "Y": 1.000000
                    },
                    "Color": {
                        "R": 0.000000,
                        "G": 0.000000,
                        "B": 0.400000,
                        "A": 1.000000
                    },
                    "AbsUvs": [
                        0.000000,
                        0.000000,
                        0.000000,
                        0.000000
                    ],
                    "RelUvs": [
                        0.000000,
                        0.000000,
                        0.000000,
                        0.000000
                    ]
                }
            },
            "Entity": {
                "Graphics": {
                    "Type": 0.000000,
                    "Position": {
                        "X": 7.500000,
                        "Y": 4.500000
                    },
                    "Size": {
                        "X": 1.000000,
                        "Y": 1.000000
                    },
                    "Color": {
                        "R": 0.000000,
                        "G": 0.000000,
                        "B": 0.400000,
                        "A": 1.000000
                    },
                    "AbsUvs": [
                        0.000000,
                        0.000000,
                        0.000000,
                        0.000000
                    ],
                    "RelUvs": [
                        0.000000,
                        0.000000,
                        0.000000,
                        0.000000
                    ]
                }
            },
            "Entity": {
                "Graphics": {
                    "Type": 0.000000,
                    "Position": {
                        "X": 7.500000,
                        "Y": 5.500000
                    },
                    "Size": {
                        "X": 1.000000,
                        "Y": 1.000000
                    },
                    "Color": {
                        "R": 0.000000,
                        "G": 0.000000,
                        "B": 0.400000,
                        "A": 1.000000
                    },
                    "AbsUvs": [
                        0.000000,
                        0.000000,
                        0.000000,
                        0.000000
                    ],
                    "RelUvs": [
                        0.000000,
                        0.000000,
                        0.000000,
                        0.000000
                    ]
                }
            },
            "Entity": {
                "Graphics": {
                    "Type": 0.000000,
                    "Position": {
                        "X": 7.500000,
                        "Y": 3.500000
                    },
                    "Size": {
                        "X": 1.000000,
                        "Y": 1.000000
                    },
                    "Color": {
                        "R": 0.000000,
                        "G": 0.600000,
                        "B": 0.000000,
                        "A": 1.000000
                    },
                    "AbsUvs": [
                        0.000000,
                        0.000000,
                        0.000000,
                        0.000000
                    ],
                    "RelUvs": [
                        0.000000,
                        0.000000,
                        0.000000,
                        0.000000
                    ]
                }
            },
            "Entity": {
                "Graphics": {
                    "Type": 0.000000,