{
    "Root": {
        "Scene": {
            "Entity": {
                "Graphics": {
                    "Type": 1.000000,
                    "Position": {
                        "X": 4.000000,
                        "Y": 4.989999
                    },
                    "Size": {
                        "X": 2.000000,
                        "Y": 1.980000
                    },
                    "Color": {
                        "R": 1.000000,
                        "G": 1.000000,
                        "B": 1.000000,
                        "A": 1.000000
                    },
                    "AbsUvs": [
                        0.000000,
                        0.000000,
                        1.000000,
                        1.000000
                    ],
                    "RelUvs": [
                        0.500000,
                        0.000000,
                        0.544922,
                        0.044922
                    ]
                },
                "Collision": {
                    "Solid": 1.000000,
                    "AABB": {
                        "Min": [
                            4.000000,
                            4.989999
                        ],
                        "Max": [
                            6.000000,
                            6.970000
                        ]
                    }
                }
            },
            "Entity": {
                "Graphics": {
                    "Type": 0.000000,
                    "Position": {
                        "X": 5.495000,
                        "Y": 4.995000
                    },
                    "Size": {
                        "X": 0.990000,
                        "Y": 1.990000
                    },
                    "Color": {
                        "R": 0.000000,
                        "G": 0.000000,
                        "B": 0.600000,
                        "A": 1.000000
                    },
                    "AbsUvs": [
                        0.000000,
                        0.000000,
                        0.000000,
                        0.000000
                    ],
                    "RelUvs": [
                        0.000000,
                        0.000000,
                        0.000000,
                        0.000000
                    ]
                },
                "Collision": {
                    "Solid": 0.000000,
                    "AABB": {
                        "Min": [
                            5.495000,
                            4.995000
                        ],
                        "Max": [
                            6.485000,
                            6.985000
                        ]
                    }
                }
            },
            "Entity": {
                "Graphics": {
                    "Type": 0.000000,
                    "Position": {
                        "X": 6.500000,
                        "Y": 4.500000
                    },
                    "Size": {
                        "X": 1.000000,
                        "Y": 1.000000
                    },
                    "Color": {
                        "R": 0.000000,
                        "G": 0.000000,
                        "B": 0.100000,
                        "A": 1.000000
                    },
                    "AbsUvs": [
                        0.000000,
                        0.000000,
                        0.000000,
                        0.000000
                    ],
                    "RelUvs": [
                        0.000000,
                        0.000000,
                        0.000000,
                        0.000000
                    ]
                }
            }
        }
    }
}