{
"Root": {
"LevelTextures": [
"back.png",
"paddle_2.png",
"paddle_1.png",
"player2.png",
"android_robot.png",
"characters_packed.png"
],
"LevelAmbient": [
0.200000,
0.200000,
0.200000
],
"LevelLights": {
"Light": {
"Position": [
9.469988,
7.759996
],
"Color": [
1.000000,
0.710001,
0.250000
],
"Attributes": [
0.790000,
0.700000,
3.600000
],
"Range": 6.020000
},
"Light": {
"Position": [
15.329985,
7.959998
],
"Color": [
1.000000,
0.690001,
0.450001
],
"Attributes": [
0.820001,
0.700000,
3.800000
],
"Range": 7.350002
},
"Light": {
"Position": [
20.139988,
7.929998
],
"Color": [
1.000000,
0.790001,
0.660000
],
"Attributes": [
0.799999,
0.700000,
4.259999
],
"Range": 5.850000
}
},
"Scene": {
"Entity": {
"Graphics": {
"Type": 1.000000,
"Position": {
"X": 14.580002,
"Y": 10.005001
},
"Size": {
"X": 17.140003,
"Y": 12.009999
},
"Color": {
"R": 1.000000,
"G": 1.000000,
"B": 1.000000,
"A": 1.000000
},
"AbsUvs": [
0.000000,
0.000000,
1.895200,
1.000000
],
"RelUvs": [
0.000000,
0.000000,
1.000000,
1.000000
],
"ZIndex": 19.000000,
"TextureIndex": 0.000000
}
},
"Entity": {
"Graphics": {
"Type": 1.000000,
"Position": {
"X": 18.650003,
"Y": 5.160004
},
"Size": {
"X": 1.119999,
"Y": 1.340000
},
"Color": {
"R": 1.000000,
"G": 1.000000,
"B": 1.000000,
"A": 1.000000
},
"AbsUvs": [
0.000000,
0.000000,
0.223200,
0.503200
],
"RelUvs": [
0.000000,
0.000000,
1.000000,
1.000000
],
"ZIndex": 6.000000,
"TextureIndex": 3.000000
}
},
"Entity": {
"Graphics": {
"Type": 1.000000,
"Position": {
"X": 19.874977,
"Y": 9.785002
},
"Size": {
"X": 0.970001,
"Y": 1.070000
},
"Color": {
"R": 1.000000,
"G": 1.000000,
"B": 1.000000,
"A": 1.000000
},
"AbsUvs": [
0.000000,
0.000000,
0.102400,
0.331200
],
"RelUvs": [
0.000000,
0.000000,
1.000000,
1.000000
],
"ZIndex": 6.000000,
"TextureIndex": 5.000000
}
},
"Entity": {
"Graphics": {
"Type": 1.000000,
"Position": {
"X": 15.080001,
"Y": 10.890000
},
"Size": {
"X": 1.000000,
"Y": 1.000000
},
"Color": {
"R": 1.000000,
"G": 1.000000,
"B": 1.000000,
"A": 1.000000
},
"AbsUvs": [
0.000000,
0.000000,
1.000000,
1.000000
],
"RelUvs": [
0.000000,
0.000000,
1.000000,
1.000000
],
"ZIndex": 6.000000,
"TextureIndex": 4.000000
}
},
"Entity": {
"Graphics": {
"Type": 1.000000,
"Position": {
"X": 10.570003,
"Y": 9.050002
},
"Size": {
"X": 2.020000,
"Y": 1.000000
},
"Color": {
"R": 1.000000,
"G": 1.000000,
"B": 1.000000,
"A": 1.000000
},
"AbsUvs": [
0.335200,
0.000000,
0.552000,
0.334400
],
"RelUvs": [
0.000000,
0.000000,
1.000000,
1.000000
],
"ZIndex": 6.000000,
"TextureIndex": 5.000000
}
},
"Entity": {
"Graphics": {
"Type": 1.000000,
"Position": {
"X": 15.610002,
"Y": 6.264997
},
"Size": {
"X": 3.000000,
"Y": 0.329999
},
"Color": {
"R": 1.000000,
"G": 1.000000,
"B": 1.000000,
"A": 1.000000
},
"AbsUvs": [
0.000000,
0.000000,
1.000000,
1.000000
],
"RelUvs": [
0.000000,
0.000000,
1.000000,
1.000000
],
"ZIndex": 3.000000,
"TextureIndex": 1.000000
},
"Collision": {
"Solid": 1.000000,
"AABB": {
"Min": [
14.110002,
6.099998
],
"Max": [
17.110001,
6.429997
]
}
}
},
"Entity": {
"Graphics": {
"Type": 1.000000,
"Position": {
"X": 14.584999,
"Y": 4.264985
},
"Size": {
"X": 17.169998,
"Y": 0.530000
},
"Color": {
"R": 1.000000,
"G": 1.000000,
"B": 1.000000,
"A": 1.000000
},
"AbsUvs": [
0.000000,
0.000000,
1.000000,
1.000000
],
"RelUvs": [
0.000000,
0.000000,
1.000000,
1.000000
],
"ZIndex": 2.000000,
"TextureIndex": 2.000000
},
"Collision": {
"Solid": 1.000000,
"AABB": {
"Min": [
6.000000,
3.999985
],
"Max": [
23.169998,
4.529985
]
}
}
},
"Entity": {
"Graphics": {
"Type": 1.000000,
"Position": {
"X": 10.570001,
"Y": 8.400005
},
"Size": {
"X": 2.960000,
"Y": 0.320000
},
"Color": {
"R": 1.000000,
"G": 1.000000,
"B": 1.000000,
"A": 1.000000
},
"AbsUvs": [
0.000000,
0.000000,
1.000000,
1.000000
],
"RelUvs": [
0.000000,
0.000000,
1.000000,
1.000000
],
"ZIndex": 2.000000,
"TextureIndex": 1.000000
},
"Collision": {
"Solid": 1.000000,
"AABB": {
"Min": [
9.090000,
8.240005
],
"Max": [
12.050001,
8.560005
]
}
}
},
"Entity": {
"Graphics": {
"Type": 1.000000,
"Position": {
"X": 20.495001,
"Y": 9.090004
},
"Size": {
"X": 2.869999,
"Y": 0.300000
},
"Color": {
"R": 1.000000,
"G": 1.000000,
"B": 1.000000,
"A": 1.000000
},
"AbsUvs": [
0.000000,
0.000000,
1.000000,
1.000000
],
"RelUvs": [
0.000000,
0.000000,
1.000000,
1.000000
],
"ZIndex": 2.000000,
"TextureIndex": 1.000000
},
"Collision": {
"Solid": 1.000000,
"AABB": {
"Min": [
19.060001,
8.940004
],
"Max": [
21.930000,
9.240004
]
}
}
},
"Entity": {
"Graphics": {
"Type": 1.000000,
"Position": {
"X": 15.190009,
"Y": 10.485006
},
"Size": {
"X": 2.860001,
"Y": 0.310000
},
"Color": {
"R": 1.000000,
"G": 1.000000,
"B": 1.000000,
"A": 1.000000
},
"AbsUvs": [
0.000000,
0.000000,
1.000000,
1.000000
],
"RelUvs": [
0.000000,
0.000000,
1.000000,
1.000000
],
"ZIndex": 2.000000,
"TextureIndex": 2.000000
},
"Collision": {
"Solid": 1.000000,
"AABB": {
"Min": [
13.760009,
10.330006
],
"Max": [
16.620010,
10.640007
]
}
}
},
"Entity": {
"Graphics": {
"Type": 0.000000,
"Position": {
"X": 5.495001,
"Y": 10.539996
},
"Size": {
"X": 0.990000,
"Y": 13.079999
},
"Color": {
"R": 0.200000,
"G": 0.000000,
"B": 0.000000,
"A": 1.000000
},
"AbsUvs": [
0.000000,
0.000000,
0.000000,
0.000000
],
"RelUvs": [
0.000000,
0.000000,
0.000000,
0.000000
],
"ZIndex": 2.000000,
"TextureIndex": 0.000000
},
"Collision": {
"Solid": 1.000000,
"AABB": {
"Min": [
5.000001,
3.999997
],
"Max": [
5.990001,
17.079996
]
}
}
},
"Entity": {
"Graphics": {
"Type": 0.000000,
"Position": {
"X": 23.504997,
"Y": 10.080002
},
"Size": {
"X": 1.010000,
"Y": 12.160000
},
"Color": {
"R": 0.200000,
"G": 0.000000,
"B": 0.000000,
"A": 1.000000
},
"AbsUvs": [
0.000000,
0.000000,
0.000000,
0.000000
],
"RelUvs": [
0.000000,
0.000000,
0.000000,
0.000000
],
"ZIndex": 2.000000,
"TextureIndex": 0.000000
},
"Collision": {
"Solid": 1.000000,
"AABB": {
"Min": [
22.999996,
4.000002
],
"Max": [
24.009998,
16.160002
]
}
}
},
"Entity": {
"Graphics": {
"Type": 0.000000,
"Position": {
"X": 9.454996,
"Y": 5.940004
},
"Size": {
"X": 0.270000,
"Y": 3.880000
},
"Color": {
"R": 0.100000,
"G": 0.000000,
"B": 0.000000,
"A": 1.000000
},
"AbsUvs": [
0.000000,
0.000000,
0.000000,
0.000000
],
"RelUvs": [
0.000000,
0.000000,
0.000000,
0.000000
],
"ZIndex": 2.000000,
"TextureIndex": 0.000000
}
},
"Entity": {
"Graphics": {
"Type": 0.000000,
"Position": {
"X": 15.354999,
"Y": 6.095003
},
"Size": {
"X": 0.250000,
"Y": 3.950000
},
"Color": {
"R": 0.100000,
"G": 0.000000,
"B": 0.000000,
"A": 1.000000
},
"AbsUvs": [
0.000000,
0.000000,
0.000000,
0.000000
],
"RelUvs": [
0.000000,
0.000000,
0.000000,
0.000000
],
"ZIndex": 2.000000,
"TextureIndex": 0.000000
}
},
"Entity": {
"Graphics": {
"Type": 0.000000,
"Position": {
"X": 20.145004,
"Y": 5.985003
},
"Size": {
"X": 0.289997,
"Y": 3.970000
},
"Color": {
"R": 0.100000,
"G": 0.000000,
"B": 0.000000,
"A": 1.000000
},
"AbsUvs": [
0.000000,
0.000000,
0.000000,
0.000000
],
"RelUvs": [
0.000000,
0.000000,
0.000000,
0.000000
],
"ZIndex": 2.000000,
"TextureIndex": 0.000000
}
},
"Entity": {
"Graphics": {
"Type": 1.000000,
"Position": {
"X": 11.500000,
"Y": 6.500000
},
"Size": {
"X": 1.200000,
"Y": 1.200000
},
"Color": {
"R": 1.000000,
"G": 1.000000,
"B": 1.000000,
"A": 1.000000
},
"AbsUvs": [
0.000000,
0.000000,
1.000000,
1.000000
],
"RelUvs": [
0.000000,
0.000000,
0.250000,
0.500000
],
"ZIndex": 2.000000,
"TextureIndex": -1.000000
},
"Physics": {
"Position": {
"X": 11.500000,
"Y": 6.500000
},
"Velocity": {
"X": 0.000000,
"Y": 0.000000
},
"Acceleration": {
"X": 0.000000,
"Y": 0.000000
},
"Damping": 0.010000
},
"Input": 1.000000,
"Animation": {
"AnimationStatesCount": 4.000000,
"AnimationIndex": 0.000000,
"AnimationState": {
"FrameCount": 4.000000,
"Frames": [
0.000000,
1.000000,
2.000000,
3.000000
],
"Speed": 15.000000
},
"AnimationState": {
"FrameCount": 4.000000,
"Frames": [
4.000000,
5.000000,
6.000000,
7.000000
],
"Speed": 15.000000
},
"AnimationState": {
"FrameCount": 2.000000,
"Frames": [
0.000000,
3.000000
],
"Speed": 7.000000
},
"AnimationState": {
"FrameCount": 2.000000,