{
"Root": {
"LevelTextures": [
"moon.png",
"paddle_2.png",
"paddle_1.png",
"back.png"
],
"Scene": {
"Entity": {
"Graphics": {
"Type": 1.000000,
"Position": {
"X": 11.500004,
"Y": 6.995002
},
"Size": {
"X": 11.000001,
"Y": 7.990001
},
"Color": {
"R": 1.000000,
"G": 1.000000,
"B": 1.000000,
"A": 1.000000
},
"AbsUvs": [
0.000000,
0.000000,
1.288799,
1.000000
],
"RelUvs": [
0.000000,
0.000000,
1.000000,
1.000000
],
"ZIndex": 22.000000,
"TextureIndex": 3.000000
}
},
"Entity": {
"Graphics": {
"Type": 0.000000,
"Position": {
"X": 15.770004,
"Y": 4.710005
},
"Size": {
"X": 2.480001,
"Y": 2.460000
},
"Color": {
"R": 0.000000,
"G": 0.600000,
"B": 0.000000,
"A": 1.000000
},
"AbsUvs": [
0.000000,
0.000000,
0.000000,
0.000000
],
"RelUvs": [
0.000000,
0.000000,
0.000000,
0.000000
],
"ZIndex": 5.000000,
"TextureIndex": 0.000000
},
"Collision": {
"Solid": 1.000000,
"AABB": {
"Min": [
14.530004,
3.480005
],
"Max": [
17.010006,
5.940005
]
}
}
},
"Entity": {
"Graphics": {
"Type": 0.000000,
"Position": {
"X": 13.695001,
"Y": 4.070000
},
"Size": {
"X": 1.710001,
"Y": 1.260000
},
"Color": {
"R": 0.000000,
"G": 0.000000,
"B": 0.500000,
"A": 1.000000
},
"AbsUvs": [
0.000000,
0.000000,
0.000000,
0.000000
],
"RelUvs": [
0.000000,
0.000000,
0.000000,
0.000000
],
"ZIndex": 5.000000,
"TextureIndex": 0.000000
},
"Collision": {
"Solid": 1.000000,
"AABB": {
"Min": [
12.840000,
3.440000
],
"Max": [
14.550001,
4.700000
]
}
}
},
"Entity": {
"Graphics": {
"Type": 1.000000,
"Position": {
"X": 9.500000,
"Y": 5.500000
},
"Size": {
"X": 1.200000,
"Y": 1.200000
},
"Color": {
"R": 1.000000,
"G": 1.000000,
"B": 1.000000,
"A": 1.000000
},
"AbsUvs": [
0.000000,
0.000000,
1.000000,
1.000000
],
"RelUvs": [
0.000000,
0.000000,
0.250000,
0.500000
],
"ZIndex": 2.000000,
"TextureIndex": -1.000000
},
"Physics": {
"Position": {
"X": 9.500000,
"Y": 5.500000
},
"Velocity": {
"X": 0.000000,
"Y": 0.000000
},
"Acceleration": {
"X": 0.000000,
"Y": 0.000000
},
"Damping": 0.010000
},
"Input": 1.000000,
"Collision": {
"Solid": 1.000000,
"Capsule": {
"A": [
9.500000,
5.680000
],
"B": [
9.500000,
5.320000
],
"Radio": 0.420000
}
}
},
"Entity": {
"Graphics": {
"Type": 1.000000,
"Position": {
"X": 11.509998,
"Y": 3.260002
},
"Size": {
"X": 10.959998,
"Y": 0.500000
},
"Color": {
"R": 1.000000,
"G": 1.000000,
"B": 1.000000,
"A": 1.000000
},
"AbsUvs": [
0.000000,
0.000000,
4.000804,
1.000000
],
"RelUvs": [
0.000000,
0.000000,
1.000000,
1.000000
],
"ZIndex": 2.000000,
"TextureIndex": 1.000000
},
"Collision": {
"Solid": 1.000000,
"AABB": {
"Min": [
6.029999,
3.010002
],
"Max": [
16.989998,
3.510002
]
}
}
},
"Entity": {
"Graphics": {
"Type": 1.000000,
"Position": {
"X": 8.410000,
"Y": 9.050001
},
"Size": {
"X": 1.440000,
"Y": 0.340000
},
"Color": {
"R": 1.000000,
"G": 1.000000,
"B": 1.000000,
"A": 1.000000
},
"AbsUvs": [
0.000000,
0.000000,
1.010402,
1.000000
],
"RelUvs": [
0.000000,
0.000000,
1.000000,
1.000000
],
"ZIndex": 2.000000,
"TextureIndex": 2.000000
},
"Collision": {
"Solid": 1.000000,
"AABB": {
"Min": [
7.690000,
8.880001
],
"Max": [
9.129999,
9.220001
]
}
}
},
"Entity": {
"Graphics": {
"Type": 1.000000,
"Position": {
"X": 11.954996,
"Y": 7.579996
},
"Size": {
"X": 2.190000,
"Y": 0.360000
},
"Color": {
"R": 1.000000,
"G": 1.000000,
"B": 1.000000,
"A": 1.000000
},
"AbsUvs": [
0.000000,
0.000000,
2.015200,
1.000000
],
"RelUvs": [
0.000000,
0.000000,
1.000000,
1.000000
],
"ZIndex": 2.000000,
"TextureIndex": 2.000000
},
"Collision": {
"Solid": 1.000000,
"AABB": {
"Min": [
10.859997,
7.399996
],
"Max": [
13.049995,
7.759996
]
}
}
},
"Entity": {
"Graphics": {
"Type": 1.000000,
"Position": {
"X": 8.384999,
"Y": 6.374999
},
"Size": {
"X": 2.990000,
"Y": 0.290000
},
"Color": {
"R": 1.000000,
"G": 1.000000,
"B": 1.000000,
"A": 1.000000
},
"AbsUvs": [
0.000000,
0.000000,
3.020801,
1.000000
],
"RelUvs": [
0.000000,
0.000000,
1.000000,
1.000000
],
"ZIndex": 2.000000,
"TextureIndex": 2.000000
},
"Collision": {
"Solid": 1.000000,
"AABB": {
"Min": [
6.889999,
6.229999
],
"Max": [
9.879999,
6.520000
]
}
}
},
"Entity": {
"Graphics": {
"Type": 1.000000,
"Position": {
"X": 5.859995,
"Y": 7.200004
},
"Size": {
"X": 0.380001,
"Y": 8.400000
},
"Color": {
"R": 1.000000,
"G": 1.000000,
"B": 1.000000,
"A": 1.000000
},
"AbsUvs": [
0.000000,
0.000000,
1.000000,
12.231194
],
"RelUvs": [
0.000000,
0.000000,
1.000000,
1.000000
],
"ZIndex": 2.000000,
"TextureIndex": 1.000000
},
"Collision": {
"Solid": 1.000000,
"AABB": {
"Min": [
5.669994,
3.000004
],
"Max": [
6.049995,
11.400003
]
}
}
},
"Entity": {
"Graphics": {
"Type": 1.000000,
"Position": {
"X": 11.525001,
"Y": 11.189999
},
"Size": {
"X": 11.050001,
"Y": 0.380000
},
"Color": {
"R": 1.000000,
"G": 1.000000,
"B": 1.000000,
"A": 1.000000
},
"AbsUvs": [
0.000000,
0.000000,
7.048012,
1.000000
],
"RelUvs": [
0.000000,
0.000000,
1.000000,
1.000000
],
"ZIndex": 2.000000,
"TextureIndex": 1.000000
},
"Collision": {
"Solid": 1.000000,
"AABB": {
"Min": [
6.000000,
10.999998
],
"Max": [
17.050001,
11.379999
]
}
}
},
"Entity": {
"Graphics": {
"Type": 1.000000,
"Position": {
"X": 17.199991,
"Y": 7.180000
},
"Size": {
"X": 0.400000,
"Y": 8.359999
},
"Color": {
"R": 1.000000,
"G": 1.000000,
"B": 1.000000,
"A": 1.000000
},
"AbsUvs": [
0.000000,
0.000000,
1.000000,
11.787209
],
"RelUvs": [
0.000000,
0.000000,
1.000000,
1.000000
],
"ZIndex": 1.000000,
"TextureIndex": 1.000000
},
"Collision": {
"Solid": 1.000000,
"AABB": {
"Min": [
16.999992,
3.000001
],
"Max": [
17.399990,
11.360000
]
}
}
}
}
}
}