{
"Root": {
"Scene": {
"Entity": {
"Graphics": {
"Type": 1.000000,
"Position": {
"X": 6.009998,
"Y": 2.494999
},
"Size": {
"X": 10.000000,
"Y": 0.969999
},
"Color": {
"R": 1.000000,
"G": 1.000000,
"B": 1.000000,
"A": 1.000000
},
"AbsUvs": [
0.000000,
0.000000,
1.000000,
1.000000
],
"RelUvs": [
0.500000,
0.000000,
0.544922,
0.044922
]
}
},
"Entity": {
"Graphics": {
"Type": 1.000000,
"Position": {
"X": 4.529998,
"Y": 3.584994
},
"Size": {
"X": 1.180000,
"Y": 1.230000
},
"Color": {
"R": 1.000000,
"G": 1.000000,
"B": 1.000000,
"A": 1.000000
},
"AbsUvs": [
0.000000,
0.000000,
1.000000,
1.000000
],
"RelUvs": [
0.922037,
0.000000,
0.929287,
0.007825
]
}
}
}
}
}