{
"Root": {
"Scene": {
"Entity": {
"Graphics": {
"Type": 1.000000,
"Position": {
"X": 7.495001,
"Y": 3.495000
},
"Size": {
"X": 6.990000,
"Y": 0.990000
},
"Color": {
"R": 1.000000,
"G": 1.000000,
"B": 1.000000,
"A": 1.000000
},
"AbsUvs": [
0.000000,
0.000000,
1.000000,
1.000000
],
"RelUvs": [
0.805664,
0.000000,
0.898438,
0.023926
]
},
"Collision": {
"Solid": 1.000000,
"AABB": {
"Min": [
7.495001,
3.495000
],
"Max": [
14.485001,
4.485000
]
}
}
},
"Entity": {
"Graphics": {
"Type": 1.000000,
"Position": {
"X": 6.500000,
"Y": 5.500000
},
"Size": {
"X": 1.200000,
"Y": 1.200000
},
"Color": {
"R": 1.000000,
"G": 1.000000,
"B": 1.000000,
"A": 1.000000
},
"AbsUvs": [
0.898438,
0.000000,
0.929688,
0.015625
],
"RelUvs": [
0.000000,
0.000000,
0.250000,
0.500000
]
},
"Collision": {
"Solid": 1.000000,
"Capsule": {
"A": [
6.500000,
5.680000
],
"B": [
6.500000,
5.320000
],
"Radio": 0.420000
}
}
}
}
}
}