{
"Root": {
"Scene": {
"Entity": {
"Graphics": {
"Type": 0.000000,
"Position": {
"X": 9.510002,
"Y": 3.500000
},
"Size": {
"X": 5.000000,
"Y": 1.000000
}
}
},
"Entity": {
"Graphics": {
"Type": 0.000000,
"Position": {
"X": 8.505002,
"Y": 4.495001
},
"Size": {
"X": 1.010000,
"Y": 1.010001
}
}
},
"Entity": {
"Graphics": {
"Type": 0.000000,
"Position": {
"X": 9.500002,
"Y": 2.504996
},
"Size": {
"X": 5.000000,
"Y": 1.010000
}
}
},
"Entity": {
"Graphics": {
"Type": 0.000000,
"Position": {
"X": 10.490001,
"Y": 4.500000
},
"Size": {
"X": 1.000000,
"Y": 1.000000
}
}
}
}
}
}