{
"Root": {
"Scene": {
"Entity": {
"Graphics": {
"Type": 1.000000,
"Position": {
"X": 9.485005,
"Y": 2.505000
},
"Size": {
"X": 10.970000,
"Y": 1.010000
},
"Color": {
"R": 1.000000,
"G": 1.000000,
"B": 1.000000,
"A": 1.000000
},
"AbsUvs": [
0.000000,
0.000000,
1.000000,
1.000000
],
"RelUvs": [
0.712891,
0.000000,
0.805664,
0.023926
],
"ZIndex": 2.000000
},
"Collision": {
"Solid": 1.000000,
"AABB": {
"Min": [
4.000005,
2.000000
],
"Max": [
14.970005,
3.010000
]
}
}
},
"Entity": {
"Graphics": {
"Type": 1.000000,
"Position": {
"X": 3.510000,
"Y": 5.520002
},
"Size": {
"X": 1.020000,
"Y": 7.040001
},
"Color": {
"R": 1.000000,
"G": 1.000000,
"B": 1.000000,
"A": 1.000000
},
"AbsUvs": [
0.000000,
0.000000,
1.000000,
1.000000
],
"RelUvs": [
0.805664,
0.000000,
0.898438,
0.023926
],
"ZIndex": 2.000000
},
"Collision": {
"Solid": 1.000000,
"AABB": {
"Min": [
3.000000,
2.000001
],
"Max": [
4.020000,
9.040003
]
}
}
},
"Entity": {
"Graphics": {
"Type": 1.000000,
"Position": {
"X": 15.500001,
"Y": 5.500002
},
"Size": {
"X": 1.000002,
"Y": 7.000000
},
"Color": {
"R": 1.000000,
"G": 1.000000,
"B": 1.000000,
"A": 1.000000
},
"AbsUvs": [
0.000000,
0.000000,
1.000000,
1.000000
],
"RelUvs": [
0.805664,
0.000000,
0.898438,
0.023926
],
"ZIndex": 2.000000
},
"Collision": {
"Solid": 1.000000,
"AABB": {
"Min": [
15.000000,
2.000002
],
"Max": [
16.000002,
9.000003
]
}
}
},
"Entity": {
"Graphics": {
"Type": 1.000000,
"Position": {
"X": 7.954997,
"Y": 4.454994
},
"Size": {
"X": 3.290000,
"Y": 0.590000
},
"Color": {
"R": 1.000000,
"G": 1.000000,
"B": 1.000000,
"A": 1.000000
},
"AbsUvs": [
0.000000,
0.000000,
1.000000,
1.000000
],
"RelUvs": [
0.500000,
0.000000,
0.544922,
0.044922
],
"ZIndex": 2.000000
},
"Collision": {
"Solid": 1.000000,
"AABB": {
"Min": [
6.309997,
4.159994
],
"Max": [
9.599997,
4.749994
]
}
}
},
"Entity": {
"Graphics": {
"Type": 1.000000,
"Position": {
"X": 10.500000,
"Y": 4.500000
},
"Size": {
"X": 1.200000,
"Y": 1.200000
},
"Color": {
"R": 1.000000,
"G": 1.000000,
"B": 1.000000,
"A": 1.000000
},
"AbsUvs": [
0.898438,
0.000000,
0.929688,
0.015625
],
"RelUvs": [
0.000000,
0.000000,
0.250000,
0.500000
],
"ZIndex": 2.000000
},
"Physics": {
"Position": {
"X": 10.500000,
"Y": 4.500000
},
"Velocity": {
"X": 0.000000,
"Y": 0.000000
},
"Acceleration": {
"X": 0.000000,
"Y": 0.000000
},
"Damping": 0.010000
},
"Input": 1.000000,
"Collision": {
"Solid": 1.000000,
"Capsule": {
"A": [
10.500000,
4.680000
],
"B": [
10.500000,
4.320000
],
"Radio": 0.420000
}
}
}
}
}
}