{
    "Root": {
        "LevelTextures": [
            "back.png",
            "moon.png",
            "paddle_1.png",
            "paddle_2.png",
            "android_robot.png"
        ],
        "Scene": {
            "Entity": {
                "Graphics": {
                    "Type": 1.000000,
                    "Position": {
                        "X": 7.000000,
                        "Y": 5.500003
                    },
                    "Size": {
                        "X": 10.000000,
                        "Y": 6.999999
                    },
                    "Color": {
                        "R": 1.000000,
                        "G": 1.000000,
                        "B": 1.000000,
                        "A": 1.000000
                    },
                    "AbsUvs": [
                        0.000000,
                        0.000000,
                        1.000000,
                        1.000000
                    ],
                    "RelUvs": [
                        0.000000,
                        0.000000,
                        1.000000,
                        1.000000
                    ],
                    "ZIndex": 7.000000
                }
            },
            "Entity": {
                "Graphics": {
                    "Type": 1.000000,
                    "Position": {
                        "X": 6.990001,
                        "Y": 2.500000
                    },
                    "Size": {
                        "X": 9.980000,
                        "Y": 1.000000
                    },
                    "Color": {
                        "R": 1.000000,
                        "G": 1.000000,
                        "B": 1.000000,
                        "A": 1.000000
                    },
                    "AbsUvs": [
                        0.000000,
                        0.000000,
                        1.000000,
                        1.000000
                    ],
                    "RelUvs": [
                        0.000000,
                        0.000000,
                        1.000000,
                        1.000000
                    ],
                    "ZIndex": 2.000000
                },
                "Collision": {
                    "Solid": 1.000000,
                    "AABB": {
                        "Min": [
                            2.000001,
                            2.000000
                        ],
                        "Max": [
                            11.980001,
                            3.000000
                        ]
                    }
                }
            },
            "Entity": {
                "Graphics": {
                    "Type": 1.000000,
                    "Position": {
                        "X": 4.504997,
                        "Y": 4.495000
                    },
                    "Size": {
                        "X": 3.010000,
                        "Y": 0.990001
                    },
                    "Color": {
                        "R": 1.000000,
                        "G": 1.000000,
                        "B": 1.000000,
                        "A": 1.000000
                    },
                    "AbsUvs": [
                        0.000000,
                        0.000000,
                        1.000000,
                        1.000000
                    ],
                    "RelUvs": [
                        0.000000,
                        0.000000,
                        1.000000,
                        1.000000
                    ],
                    "ZIndex": 2.000000
                },
                "Collision": {
                    "Solid": 1.000000,
                    "AABB": {
                        "Min": [
                            2.999997,
                            4.000000
                        ],
                        "Max": [
                            6.009997,
                            4.990001
                        ]
                    }
                }
            },
            "Entity": {
                "Graphics": {
                    "Type": 1.000000,
                    "Position": {
                        "X": 4.470000,
                        "Y": 5.260000
                    },
                    "Size": {
                        "X": 1.000000,
                        "Y": 1.000000
                    },
                    "Color": {
                        "R": 1.000000,
                        "G": 1.000000,
                        "B": 1.000000,
                        "A": 1.000000
                    },
                    "AbsUvs": [
                        0.000000,
                        0.000000,
                        1.000000,
                        1.000000
                    ],
                    "RelUvs": [
                        0.000000,
                        0.000000,
                        1.000000,
                        1.000000
                    ],
                    "ZIndex": 2.000000
                }
            },
            "Entity": {
                "Graphics": {
                    "Type": 1.000000,
                    "Position": {
                        "X": 9.275001,
                        "Y": 7.599999
                    },
                    "Size": {
                        "X": 1.670001,
                        "Y": 1.600000
                    },
                    "Color": {
                        "R": 1.000000,
                        "G": 1.000000,
                        "B": 1.000000,
                        "A": 1.000000
                    },
                    "AbsUvs": [
                        0.000000,
                        0.000000,
                        1.000000,
                        1.000000
                    ],
                    "RelUvs": [
                        0.000000,
                        0.000000,
                        1.000000,
                        1.000000
                    ],
                    "ZIndex": 2.000000
                }
            },
            "Entity": {
                "Graphics": {
                    "Type": 1.000000,
                    "Position": {
                        "X": 7.500000,
                        "Y": 4.500000
                    },
                    "Size": {
                        "X": 1.200000,
                        "Y": 1.200000
                    },
                    "Color": {
                        "R": 1.000000,
                        "G": 1.000000,
                        "B": 1.000000,
                        "A": 1.000000
                    },
                    "AbsUvs": [
                        0.898438,
                        0.000000,
                        0.929688,
                        0.015625
                    ],
                    "RelUvs": [
                        0.000000,
                        0.000000,
                        0.250000,
                        0.500000
                    ],
                    "ZIndex": 2.000000
                },
                "Physics": {
                    "Position": {
                        "X": 7.500000,
                        "Y": 4.500000
                    },
                    "Velocity": {
                        "X": 0.000000,
                        "Y": 0.000000
                    },
                    "Acceleration": {
                        "X": 0.000000,
                        "Y": 0.000000
                    },
                    "Damping": 0.010000
                },
                "Input": 1.000000,
                "Collision": {
                    "Solid": 1.000000,
                    "Capsule": {
                        "A": [
                            7.500000,
                            4.680000
                        ],