{
    "Root": {
        "LevelTextures": [
            "back.png",
            "paddle_2.png",
            "paddle_1.png"
        ],
        "Scene": {
            "Entity": {
                "Graphics": {
                    "Type": 1.000000,
                    "Position": {
                        "X": 8.499998,
                        "Y": 7.995000
                    },
                    "Size": {
                        "X": 11.000001,
                        "Y": 9.990001
                    },
                    "Color": {
                        "R": 1.000000,
                        "G": 1.000000,
                        "B": 1.000000,
                        "A": 1.000000
                    },
                    "AbsUvs": [
                        0.000000,
                        0.000000,
                        1.000000,
                        1.000000
                    ],
                    "RelUvs": [
                        0.000000,
                        0.000000,
                        1.000000,
                        1.000000
                    ],
                    "ZIndex": 13.000000,
                    "TextureIndex": 0.000000
                }
            },
            "Entity": {
                "Graphics": {
                    "Type": 1.000000,
                    "Position": {
                        "X": 7.280000,
                        "Y": 5.024997
                    },
                    "Size": {
                        "X": 3.000000,
                        "Y": 0.350000
                    },
                    "Color": {
                        "R": 1.000000,
                        "G": 1.000000,
                        "B": 1.000000,
                        "A": 1.000000
                    },
                    "AbsUvs": [
                        0.000000,
                        0.000000,
                        1.000000,
                        1.000000
                    ],
                    "RelUvs": [
                        0.000000,
                        0.000000,
                        1.000000,
                        1.000000
                    ],
                    "ZIndex": 2.000000,
                    "TextureIndex": 1.000000
                },
                "Collision": {
                    "Solid": 1.000000,
                    "AABB": {
                        "Min": [
                            5.780000,
                            4.849997
                        ],
                        "Max": [
                            8.780001,
                            5.199997
                        ]
                    }
                }
            },
            "Entity": {
                "Graphics": {
                    "Type": 1.000000,
                    "Position": {
                        "X": 11.370001,
                        "Y": 6.659998
                    },
                    "Size": {
                        "X": 2.020000,
                        "Y": 0.420000
                    },
                    "Color": {
                        "R": 1.000000,
                        "G": 1.000000,
                        "B": 1.000000,
                        "A": 1.000000
                    },
                    "AbsUvs": [
                        0.000000,
                        0.000000,
                        1.000000,
                        1.000000
                    ],
                    "RelUvs": [
                        0.000000,
                        0.000000,
                        1.000000,
                        1.000000
                    ],
                    "ZIndex": 2.000000,
                    "TextureIndex": 1.000000
                },
                "Collision": {
                    "Solid": 1.000000,
                    "AABB": {
                        "Min": [
                            10.360001,
                            6.449999
                        ],
                        "Max": [
                            12.380001,
                            6.869998
                        ]
                    }
                }
            },
            "Entity": {
                "Graphics": {
                    "Type": 1.000000,
                    "Position": {
                        "X": 7.079999,
                        "Y": 8.210005
                    },
                    "Size": {
                        "X": 2.559999,
                        "Y": 0.300000
                    },
                    "Color": {
                        "R": 1.000000,
                        "G": 1.000000,
                        "B": 1.000000,
                        "A": 1.000000
                    },
                    "AbsUvs": [
                        0.000000,
                        0.000000,
                        1.000000,
                        1.000000
                    ],
                    "RelUvs": [
                        0.000000,
                        0.000000,
                        1.000000,
                        1.000000
                    ],
                    "ZIndex": 2.000000,
                    "TextureIndex": 2.000000
                },
                "Collision": {
                    "Solid": 1.000000,
                    "AABB": {
                        "Min": [
                            5.799999,
                            8.060005
                        ],
                        "Max": [
                            8.359999,
                            8.360004
                        ]
                    }
                }
            },
            "Entity": {
                "Graphics": {
                    "Type": 0.000000,
                    "Position": {
                        "X": 8.499999,
                        "Y": 2.500000
                    },
                    "Size": {
                        "X": 13.020000,
                        "Y": 0.980000
                    },
                    "Color": {
                        "R": 0.000000,
                        "G": 0.000000,
                        "B": 0.100000,
                        "A": 1.000000
                    },
                    "AbsUvs": [
                        0.000000,
                        0.000000,
                        0.000000,
                        0.000000
                    ],
                    "RelUvs": [
                        0.000000,
                        0.000000,
                        0.000000,
                        0.000000
                    ],
                    "ZIndex": 2.000000,
                    "TextureIndex": 0.000000
                },
                "Collision": {
                    "Solid": 1.000000,
                    "AABB": {
                        "Min": [
                            1.989999,
                            2.010000
                        ],
                        "Max": [
                            15.009999,
                            2.990000
                        ]
                    }
                }
            },
            "Entity": {
                "Graphics": {
                    "Type": 0.000000,
                    "Position": {
                        "X": 8.499999,
                        "Y": 13.495001
                    },
                    "Size": {
                        "X": 13.019999,
                        "Y": 0.990001
                    },
                    "Color": {
                        "R": 0.000000,
                        "G": 0.000000,
                        "B": 0.100000,
                        "A": 1.000000
                    },
                    "AbsUvs": [
                        0.000000,
                        0.000000,
                        0.000000,
                        0.000000
                    ],