{
"Root": {
"LevelTextures": [
"back.png",
"moon.png",
"paddle_2.png",
"paddle_1.png"
],
"LevelAmbient": [
0.200000,
0.200000,
0.200000
],
"LevelLights": {
"Light": {
"Position": [
5.700000,
4.190000
],
"Color": [
1.000000,
1.000000,
1.000000
],
"Attributes": [
1.000000,
0.700000,
1.800000
],
"Range": 12.639999
},
"Light": {
"Position": [
12.930001,
4.099999
],
"Color": [
1.000000,
1.000000,
1.000000
],
"Attributes": [
1.000000,
0.700000,
1.800000
],
"Range": 11.770000
},
"Light": {
"Position": [
9.660001,
8.929999
],
"Color": [
1.000000,
1.000000,
1.000000
],
"Attributes": [
1.000000,
0.700000,
1.800000
],
"Range": 8.330002
}
},
"Scene": {
"Entity": {
"PrefabType": 0.000000,
"Graphics": {
"Type": 1.000000,
"Position": {
"X": 9.500000,
"Y": 6.504999
},
"Size": {
"X": 8.999999,
"Y": 7.010000
},
"Color": {
"R": 1.000000,
"G": 1.000000,
"B": 1.000000,
"A": 1.000000
},
"AbsUvs": [
0.000000,
0.000000,
1.000000,
1.000000
],
"RelUvs": [
0.000000,
0.000000,
1.000000,
1.000000
],
"ZIndex": 12.000000,
"TextureIndex": 0.000000
}
},
"Entity": {
"PrefabType": 0.000000,
"Graphics": {
"Type": 1.000000,
"Position": {
"X": 9.500000,
"Y": 7.500000
},
"Size": {
"X": 1.000000,
"Y": 1.000000
},
"Color": {
"R": 1.000000,
"G": 1.000000,
"B": 1.000000,
"A": 1.000000
},
"AbsUvs": [
0.000000,
0.000000,
1.000000,
1.000000
],
"RelUvs": [
0.000000,
0.000000,
1.000000,
1.000000
],
"ZIndex": 9.000000,
"TextureIndex": 1.000000
}
},
"Entity": {
"PrefabType": 1.000000,
"Graphics": {
"Type": 1.000000,
"Position": {
"X": 8.290000,
"Y": 4.210000
},
"Size": {
"X": 1.200000,
"Y": 1.200000
},
"Color": {
"R": 1.000000,
"G": 1.000000,
"B": 1.000000,
"A": 1.000000
},
"AbsUvs": [
0.000000,
0.000000,
1.000000,
1.000000
],
"RelUvs": [
0.000000,
0.000000,
0.250000,
0.500000
],
"ZIndex": 6.000000,
"TextureIndex": -1.000000
},
"Physics": {
"Position": {
"X": 8.290000,
"Y": 4.210000
},
"Velocity": {
"X": 0.000000,
"Y": 0.000000
},
"Acceleration": {
"X": 0.000000,
"Y": 0.000000
},
"Damping": 0.010000
},
"Input": 1.000000,
"Animation": {
"AnimationStatesCount": 4.000000,
"AnimationIndex": 0.000000,
"AnimationState": {
"FrameCount": 4.000000,
"Frames": [
0.000000,
1.000000,
2.000000,
3.000000
],
"Speed": 15.000000
},
"AnimationState": {
"FrameCount": 4.000000,
"Frames": [
4.000000,
5.000000,
6.000000,
7.000000
],
"Speed": 15.000000
},
"AnimationState": {
"FrameCount": 2.000000,
"Frames": [
0.000000,
3.000000
],
"Speed": 7.000000
},
"AnimationState": {
"FrameCount": 2.000000,
"Frames": [
4.000000,
7.000000
],
"Speed": 7.000000
}
},
"Collision": {
"Solid": 1.000000,
"Capsule": {
"A": [
8.290000,
4.390000
],
"B": [
8.290000,
4.030000
],
"Radio": 0.420000
}
}
},
"Entity": {
"PrefabType": 4.000000,
"Graphics": {
"Type": 0.000000,
"Position": {
"X": 12.005000,
"Y": 8.494999
},
"Size": {
"X": 4.010000,
"Y": 0.990001
},
"Color": {
"R": 0.000000,
"G": 1.000000,
"B": 0.000000,
"A": 1.000000
},
"AbsUvs": [
0.000000,
0.000000,
1.000000,
1.000000
],
"RelUvs": [
0.000000,
0.000000,
1.000000,
1.000000
],
"ZIndex": 5.000000,
"TextureIndex": 0.000000
},
"Physics": {
"Position": {
"X": 12.005000,
"Y": 8.494999
},
"Velocity": {
"X": 0.000000,
"Y": 0.000000
},
"Acceleration": {
"X": 0.000000,
"Y": 0.000000
},
"Damping": 0.010000
},
"Win": 1.000000
},
"Entity": {
"PrefabType": 5.000000,
"Graphics": {
"Type": 0.000000,
"Position": {
"X": 5.995003,
"Y": 8.989998
},
"Size": {
"X": 2.010000,
"Y": 2.000000
},
"Color": {
"R": 1.000000,
"G": 0.000000,
"B": 0.000000,
"A": 1.000000
},
"AbsUvs": [
0.000000,
0.000000,
1.000000,
1.000000
],
"RelUvs": [
0.000000,
0.000000,
1.000000,
1.000000
],
"ZIndex": 5.000000,
"TextureIndex": 0.000000
},
"Physics": {
"Position": {
"X": 5.995003,
"Y": 8.989998
},
"Velocity": {
"X": 0.000000,
"Y": 0.000000
},
"Acceleration": {
"X": 0.000000,
"Y": 0.000000
},
"Damping": 0.010000
},
"GameOver": 1.000000
},
"Entity": {
"PrefabType": 0.000000,
"Graphics": {
"Type": 1.000000,
"Position": {
"X": 9.510003,
"Y": 3.245000
},
"Size": {
"X": 9.040001,
"Y": 0.510000
},
"Color": {
"R": 1.000000,
"G": 1.000000,
"B": 1.000000,
"A": 1.000000
},
"AbsUvs": [
0.000000,
0.000000,
1.998400,
1.000000
],
"RelUvs": [
0.000000,
0.000000,
1.000000,
1.000000
],
"ZIndex": 2.000000,
"TextureIndex": 2.000000
},
"Collision": {
"Solid": 1.000000,
"AABB": {
"Min": [
4.990003,
2.990000
],
"Max": [
14.030004,
3.500000
]
}
}
},
"Entity": {
"PrefabType": 0.000000,
"Graphics": {
"Type": 1.000000,
"Position": {
"X": 6.625011,
"Y": 5.174993
},
"Size": {
"X": 3.330000,
"Y": 0.309999
},
"Color": {
"R": 1.000000,
"G": 1.000000,
"B": 1.000000,
"A": 1.000000
},
"AbsUvs": [
0.000000,
0.000000,
1.000000,
1.000000
],
"RelUvs": [
0.000000,
0.000000,
1.000000,
1.000000
],
"ZIndex": 2.000000,
"TextureIndex": 3.000000
},
"Collision": {
"Solid": 1.000000,
"AABB": {
"Min": [
4.960011,
5.019993
],
"Max": [
8.290010,
5.329992
]
}
}
},
"Entity": {
"PrefabType": 0.000000,
"Graphics": {
"Type": 1.000000,
"Position": {
"X": 12.514998,
"Y": 5.184996
},
"Size": {
"X": 3.030001,
"Y": 0.310000
},
"Color": {
"R": 1.000000,
"G": 1.000000,
"B": 1.000000,
"A": 1.000000
},
"AbsUvs": [
0.000000,
0.000000,
1.000000,
1.000000
],
"RelUvs": [
0.000000,
0.000000,
1.000000,
1.000000
],
"ZIndex": 2.000000,
"TextureIndex": 3.000000
},
"Collision": {
"Solid": 1.000000,
"AABB": {
"Min": [
10.999998,
5.029996
],
"Max": [
14.029999,
5.339995
]
}
}
},
"Entity": {
"PrefabType": 0.000000,
"Graphics": {
"Type": 0.000000,
"Position": {
"X": 4.500000,
"Y": 6.510002
},
"Size": {
"X": 1.000000,
"Y": 7.020000
},
"Color": {
"R": 0.100000,
"G": 0.000000,
"B": 0.000000,
"A": 1.000000
},
"AbsUvs": [
0.000000,
0.000000,
0.000000,
0.000000
],
"RelUvs": [
0.000000,
0.000000,
0.000000,
0.000000
],
"ZIndex": 2.000000,
"TextureIndex": 0.000000
},
"Collision": {
"Solid": 1.000000,
"AABB": {
"Min": [
4.000000,
3.000002
],
"Max": [
5.000000,
10.020002
]
}
}
},
"Entity": {
"PrefabType": 0.000000,
"Graphics": {
"Type": 0.000000,
"Position": {
"X": 9.490004,
"Y": 2.505000
},
"Size": {
"X": 10.980000,
"Y": 1.010000
},
"Color": {
"R": 0.100000,
"G": 0.000000,
"B": 0.000000,
"A": 1.000000
},
"AbsUvs": [
0.000000,
0.000000,
0.000000,
0.000000
],
"RelUvs": [
0.000000,
0.000000,
0.000000,
0.000000
],
"ZIndex": 2.000000,
"TextureIndex": 0.000000
},
"Collision": {
"Solid": 1.000000,
"AABB": {
"Min": [
4.000003,
2.000000
],
"Max": [
14.980003,
3.010000
]
}
}
},
"Entity": {
"PrefabType": 0.000000,
"Graphics": {
"Type": 0.000000,
"Position": {
"X": 14.499999,
"Y": 6.990004
},
"Size": {
"X": 1.000000,
"Y": 7.980001
},
"Color": {
"R": 0.100000,
"G": 0.000000,
"B": 0.000000,
"A": 1.000000
},
"AbsUvs": [
0.000000,
0.000000,
0.000000,
0.000000
],
"RelUvs": [
0.000000,
0.000000,
0.000000,
0.000000
],
"ZIndex": 2.000000,
"TextureIndex": 0.000000
},
"Collision": {
"Solid": 1.000000,
"AABB": {
"Min": [
13.999999,
3.000003
],
"Max": [
14.999999,
10.980004
]
}
}
},
"Entity": {
"PrefabType": 0.000000,
"Graphics": {
"Type": 0.000000,
"Position": {
"X": 9.009998,
"Y": 10.500001
},
"Size": {
"X": 10.020000,
"Y": 1.000000
},
"Color": {
"R": 0.100000,
"G": 0.000000,
"B": 0.000000,
"A": 1.000000
},
"AbsUvs": [
0.000000,
0.000000,
0.000000,
0.000000
],
"RelUvs": [
0.000000,
0.000000,
0.000000,
0.000000
],
"ZIndex": 2.000000,
"TextureIndex": 0.000000
},
"Collision": {
"Solid": 1.000000,
"AABB": {
"Min": [
3.999998,
10.000001
],
"Max": [
14.019999,
11.000001
]
}
}
},
"Entity": {
"PrefabType": 2.000000,
"Graphics": {
"Type": 1.000000,
"Position": {
"X": 5.770000,
"Y": 6.140000
},
"Size": {
"X": 1.200000,
"Y": 1.200000
},
"Color": {
"R": 1.000000,
"G": 1.000000,
"B": 1.000000,
"A": 1.000000
},
"AbsUvs": [
0.000000,
0.000000,
1.000000,
1.000000
],
"RelUvs": [
0.000000,
0.000000,
0.250000,
0.500000
],
"ZIndex": 2.000000,
"TextureIndex": -1.000000
},
"Physics": {
"Position": {
"X": 5.770000,
"Y": 6.140000
},
"Velocity": {
"X": 0.000000,
"Y": 0.000000
},
"Acceleration": {
"X": 0.000000,
"Y": 0.000000
},
"Damping": 0.010000
},
"EnemyShot": [
3.000000,
6.000000,
0.000000
],
"Animation": {
"AnimationStatesCount": 2.000000,